{"cameraMode":{"drawMode":0,"name":"Shaded","section":"Shading Mode"},"sceneLighting":false,"audioPlay":false,"sceneViewState":{"m_AlwaysRefresh":false,"showFog":true,"showSkybox":false,"showFlares":true,"showImageEffects":true,"showParticleSystems":true,"showVisualEffectGraphs":true,"m_FxEnabled":true},"in2DMode":false,"pivot":{"x":-6.829391002655029,"y":-0.039999961853027347,"z":-21.662429809570314},"rotation":{"x":-0.19820088148117066,"y":-0.6498337984085083,"z":0.18110181391239167,"w":-0.7111071348190308},"size":5.782954216003418,"orthographic":false}