{"cameraMode":{"drawMode":0,"name":"Shaded","section":"Shading Mode"},"sceneLighting":true,"audioPlay":false,"sceneViewState":{"m_AlwaysRefresh":false,"showFog":true,"showSkybox":true,"showFlares":true,"showImageEffects":true,"showParticleSystems":true,"showVisualEffectGraphs":true,"m_FxEnabled":true},"in2DMode":false,"pivot":{"x":694.6946411132813,"y":424.33734130859377,"z":903.1170654296875},"rotation":{"x":0.03469230607151985,"y":-0.8974490165710449,"z":0.4338603615760803,"w":0.07176177203655243},"size":55.470401763916019,"orthographic":false}