{"cameraMode":{"drawMode":0,"name":"Shaded","section":"Shading Mode"},"sceneLighting":false,"audioPlay":false,"sceneViewState":{"m_AlwaysRefresh":false,"showFog":true,"showSkybox":false,"showFlares":true,"showImageEffects":true,"showParticleSystems":true,"showVisualEffectGraphs":true,"m_FxEnabled":true},"in2DMode":false,"pivot":{"x":-2.437954902648926,"y":-0.08466005325317383,"z":9.399718284606934},"rotation":{"x":-0.01798498071730137,"y":0.9819680452346802,"z":-0.12769871950149537,"w":-0.13877171277999879},"size":10.140813827514649,"orthographic":false}